Time,url
2012-03-05 00:06:06+00:00,https://helioviewer.org/jp2/LASCO-C2/2012/03/05/white-light/2012_03_05__00_06_06_268__SOHO_LASCO_C3_white-light.jp2
2012-03-05 00:18:06+00:00,https://helioviewer.org/jp2/LASCO-C2/2012/03/05/white-light/2012_03_05__00_18_06_459__SOHO_LASCO_C3_white-light.jp2
2012-03-05 00:30:07+00:00,https://helioviewer.org/jp2/LASCO-C2/2012/03/05/white-light/2012_03_05__00_30_07_251__SOHO_LASCO_C3_white-light.jp2
2012-03-05 00:42:05+00:00,https://helioviewer.org/jp2/LASCO-C2/2012/03/05/white-light/2012_03_05__00_42_05_443__SOHO_LASCO_C3_white-light.jp2
2012-03-05 00:54:06+00:00,https://helioviewer.org/jp2/LASCO-C2/2012/03/05/white-light/2012_03_05__00_54_06_234__SOHO_LASCO_C3_white-light.jp2
2012-03-05 01:30:25+00:00,https://helioviewer.org/jp2/LASCO-C2/2012/03/05/white-light/2012_03_05__01_30_24_710__SOHO_LASCO_C3_white-light.jp2
2012-03-05 01:42:07+00:00,https://helioviewer.org/jp2/LASCO-C2/2012/03/05/white-light/2012_03_05__01_42_07_202__SOHO_LASCO_C3_white-light.jp2
2012-03-05 01:54:05+00:00,https://helioviewer.org/jp2/LASCO-C2/2012/03/05/white-light/2012_03_05__01_54_05_494__SOHO_LASCO_C3_white-light.jp2
2012-03-05 02:06:07+00:00,https://helioviewer.org/jp2/LASCO-C2/2012/03/05/white-light/2012_03_05__02_06_06_985__SOHO_LASCO_C3_white-light.jp2
2012-03-05 02:18:07+00:00,https://helioviewer.org/jp2/LASCO-C2/2012/03/05/white-light/2012_03_05__02_18_06_577__SOHO_LASCO_C3_white-light.jp2
2012-03-05 02:30:06+00:00,https://helioviewer.org/jp2/LASCO-C2/2012/03/05/white-light/2012_03_05__02_30_05_969__SOHO_LASCO_C3_white-light.jp2
2012-03-05 02:42:05+00:00,https://helioviewer.org/jp2/LASCO-C2/2012/03/05/white-light/2012_03_05__02_42_05_460__SOHO_LASCO_C3_white-light.jp2
2012-03-05 03:06:06+00:00,https://helioviewer.org/jp2/LASCO-C2/2012/03/05/white-light/2012_03_05__03_06_05_844__SOHO_LASCO_C3_white-light.jp2
2012-03-05 03:18:05+00:00,https://helioviewer.org/jp2/LASCO-C2/2012/03/05/white-light/2012_03_05__03_18_05_436__SOHO_LASCO_C3_white-light.jp2
2012-03-05 03:30:05+00:00,https://helioviewer.org/jp2/LASCO-C2/2012/03/05/white-light/2012_03_05__03_30_05_427__SOHO_LASCO_C3_white-light.jp2
2012-03-05 03:42:07+00:00,https://helioviewer.org/jp2/LASCO-C2/2012/03/05/white-light/2012_03_05__03_42_07_219__SOHO_LASCO_C3_white-light.jp2
2012-03-05 03:54:05+00:00,https://helioviewer.org/jp2/LASCO-C2/2012/03/05/white-light/2012_03_05__03_54_05_411__SOHO_LASCO_C3_white-light.jp2
2012-03-05 04:06:05+00:00,https://helioviewer.org/jp2/LASCO-C2/2012/03/05/white-light/2012_03_05__04_06_05_402__SOHO_LASCO_C3_white-light.jp2
2012-03-05 04:18:07+00:00,https://helioviewer.org/jp2/LASCO-C2/2012/03/05/white-light/2012_03_05__04_18_06_595__SOHO_LASCO_C3_white-light.jp2
2012-03-05 04:30:05+00:00,https://helioviewer.org/jp2/LASCO-C2/2012/03/05/white-light/2012_03_05__04_30_05_386__SOHO_LASCO_C3_white-light.jp2
2012-03-05 04:42:05+00:00,https://helioviewer.org/jp2/LASCO-C2/2012/03/05/white-light/2012_03_05__04_42_05_478__SOHO_LASCO_C3_white-light.jp2
2012-03-05 04:54:05+00:00,https://helioviewer.org/jp2/LASCO-C2/2012/03/05/white-light/2012_03_05__04_54_05_470__SOHO_LASCO_C3_white-light.jp2
2012-03-05 05:06:06+00:00,https://helioviewer.org/jp2/LASCO-C2/2012/03/05/white-light/2012_03_05__05_06_05_561__SOHO_LASCO_C3_white-light.jp2
2012-03-05 05:18:05+00:00,https://helioviewer.org/jp2/LASCO-C2/2012/03/05/white-light/2012_03_05__05_18_05_453__SOHO_LASCO_C3_white-light.jp2
2012-03-05 05:30:07+00:00,https://helioviewer.org/jp2/LASCO-C2/2012/03/05/white-light/2012_03_05__05_30_06_745__SOHO_LASCO_C3_white-light.jp2
2012-03-05 05:42:05+00:00,https://helioviewer.org/jp2/LASCO-C2/2012/03/05/white-light/2012_03_05__05_42_05_436__SOHO_LASCO_C3_white-light.jp2
2012-03-05 05:54:07+00:00,https://helioviewer.org/jp2/LASCO-C2/2012/03/05/white-light/2012_03_05__05_54_06_728__SOHO_LASCO_C3_white-light.jp2
2012-03-05 06:06:05+00:00,https://helioviewer.org/jp2/LASCO-C2/2012/03/05/white-light/2012_03_05__06_06_05_420__SOHO_LASCO_C3_white-light.jp2
2012-03-05 06:18:07+00:00,https://helioviewer.org/jp2/LASCO-C2/2012/03/05/white-light/2012_03_05__06_18_06_711__SOHO_LASCO_C3_white-light.jp2
2012-03-05 06:30:07+00:00,https://helioviewer.org/jp2/LASCO-C2/2012/03/05/white-light/2012_03_05__06_30_06_604__SOHO_LASCO_C3_white-light.jp2
2012-03-05 06:42:05+00:00,https://helioviewer.org/jp2/LASCO-C2/2012/03/05/white-light/2012_03_05__06_42_05_395__SOHO_LASCO_C3_white-light.jp2
2012-03-05 06:54:06+00:00,https://helioviewer.org/jp2/LASCO-C2/2012/03/05/white-light/2012_03_05__06_54_06_187__SOHO_LASCO_C3_white-light.jp2
2012-03-05 07:06:06+00:00,https://helioviewer.org/jp2/LASCO-C2/2012/03/05/white-light/2012_03_05__07_06_06_478__SOHO_LASCO_C3_white-light.jp2
2012-03-05 07:18:07+00:00,https://helioviewer.org/jp2/LASCO-C2/2012/03/05/white-light/2012_03_05__07_18_06_570__SOHO_LASCO_C3_white-light.jp2
2012-03-05 07:30:05+00:00,https://helioviewer.org/jp2/LASCO-C2/2012/03/05/white-light/2012_03_05__07_30_05_461__SOHO_LASCO_C3_white-light.jp2
2012-03-05 07:42:07+00:00,https://helioviewer.org/jp2/LASCO-C2/2012/03/05/white-light/2012_03_05__07_42_06_554__SOHO_LASCO_C3_white-light.jp2
2012-03-05 07:54:08+00:00,https://helioviewer.org/jp2/LASCO-C2/2012/03/05/white-light/2012_03_05__07_54_07_646__SOHO_LASCO_C3_white-light.jp2
2012-03-05 08:06:05+00:00,https://helioviewer.org/jp2/LASCO-C2/2012/03/05/white-light/2012_03_05__08_06_05_437__SOHO_LASCO_C3_white-light.jp2
2012-03-05 08:18:06+00:00,https://helioviewer.org/jp2/LASCO-C2/2012/03/05/white-light/2012_03_05__08_18_05_729__SOHO_LASCO_C3_white-light.jp2
2012-03-05 08:30:06+00:00,https://helioviewer.org/jp2/LASCO-C2/2012/03/05/white-light/2012_03_05__08_30_06_120__SOHO_LASCO_C3_white-light.jp2
2012-03-05 08:42:05+00:00,https://helioviewer.org/jp2/LASCO-C2/2012/03/05/white-light/2012_03_05__08_42_05_412__SOHO_LASCO_C3_white-light.jp2
2012-03-05 09:06:06+00:00,https://helioviewer.org/jp2/LASCO-C2/2012/03/05/white-light/2012_03_05__09_06_05_901__SOHO_LASCO_C3_white-light.jp2
2012-03-05 09:18:05+00:00,https://helioviewer.org/jp2/LASCO-C2/2012/03/05/white-light/2012_03_05__09_18_05_388__SOHO_LASCO_C3_white-light.jp2
2012-03-05 09:30:08+00:00,https://helioviewer.org/jp2/LASCO-C2/2012/03/05/white-light/2012_03_05__09_30_07_579__SOHO_LASCO_C3_white-light.jp2
2012-03-05 09:42:05+00:00,https://helioviewer.org/jp2/LASCO-C2/2012/03/05/white-light/2012_03_05__09_42_05_471__SOHO_LASCO_C3_white-light.jp2
2012-03-05 09:54:06+00:00,https://helioviewer.org/jp2/LASCO-C2/2012/03/05/white-light/2012_03_05__09_54_06_263__SOHO_LASCO_C3_white-light.jp2
2012-03-05 10:06:08+00:00,https://helioviewer.org/jp2/LASCO-C2/2012/03/05/white-light/2012_03_05__10_06_07_654__SOHO_LASCO_C3_white-light.jp2
2012-03-05 10:18:06+00:00,https://helioviewer.org/jp2/LASCO-C2/2012/03/05/white-light/2012_03_05__10_18_05_546__SOHO_LASCO_C3_white-light.jp2
2012-03-05 10:30:05+00:00,https://helioviewer.org/jp2/LASCO-C2/2012/03/05/white-light/2012_03_05__10_30_05_438__SOHO_LASCO_C3_white-light.jp2
2012-03-05 10:42:06+00:00,https://helioviewer.org/jp2/LASCO-C2/2012/03/05/white-light/2012_03_05__10_42_05_729__SOHO_LASCO_C3_white-light.jp2
2012-03-05 10:54:06+00:00,https://helioviewer.org/jp2/LASCO-C2/2012/03/05/white-light/2012_03_05__10_54_06_221__SOHO_LASCO_C3_white-light.jp2
2012-03-05 11:06:06+00:00,https://helioviewer.org/jp2/LASCO-C2/2012/03/05/white-light/2012_03_05__11_06_05_513__SOHO_LASCO_C3_white-light.jp2
2012-03-05 11:18:06+00:00,https://helioviewer.org/jp2/LASCO-C2/2012/03/05/white-light/2012_03_05__11_18_05_505__SOHO_LASCO_C3_white-light.jp2
2012-03-05 11:30:08+00:00,https://helioviewer.org/jp2/LASCO-C2/2012/03/05/white-light/2012_03_05__11_30_07_596__SOHO_LASCO_C3_white-light.jp2
2012-03-05 11:42:05+00:00,https://helioviewer.org/jp2/LASCO-C2/2012/03/05/white-light/2012_03_05__11_42_05_388__SOHO_LASCO_C3_white-light.jp2
2012-03-05 11:54:06+00:00,https://helioviewer.org/jp2/LASCO-C2/2012/03/05/white-light/2012_03_05__11_54_06_379__SOHO_LASCO_C3_white-light.jp2
2012-03-05 12:06:05+00:00,https://helioviewer.org/jp2/LASCO-C2/2012/03/05/white-light/2012_03_05__12_06_05_472__SOHO_LASCO_C3_white-light.jp2
2012-03-05 12:18:07+00:00,https://helioviewer.org/jp2/LASCO-C2/2012/03/05/white-light/2012_03_05__12_18_06_563__SOHO_LASCO_C3_white-light.jp2
2012-03-05 12:30:07+00:00,https://helioviewer.org/jp2/LASCO-C2/2012/03/05/white-light/2012_03_05__12_30_07_155__SOHO_LASCO_C3_white-light.jp2
2012-03-05 12:42:05+00:00,https://helioviewer.org/jp2/LASCO-C2/2012/03/05/white-light/2012_03_05__12_42_05_446__SOHO_LASCO_C3_white-light.jp2
2012-03-05 12:54:06+00:00,https://helioviewer.org/jp2/LASCO-C2/2012/03/05/white-light/2012_03_05__12_54_06_138__SOHO_LASCO_C3_white-light.jp2
2012-03-05 13:30:24+00:00,https://helioviewer.org/jp2/LASCO-C2/2012/03/05/white-light/2012_03_05__13_30_24_414__SOHO_LASCO_C3_white-light.jp2
2012-03-05 13:42:08+00:00,https://helioviewer.org/jp2/LASCO-C2/2012/03/05/white-light/2012_03_05__13_42_07_605__SOHO_LASCO_C3_white-light.jp2
2012-03-05 13:54:05+00:00,https://helioviewer.org/jp2/LASCO-C2/2012/03/05/white-light/2012_03_05__13_54_05_497__SOHO_LASCO_C3_white-light.jp2
2012-03-05 14:06:06+00:00,https://helioviewer.org/jp2/LASCO-C2/2012/03/05/white-light/2012_03_05__14_06_05_589__SOHO_LASCO_C3_white-light.jp2
2012-03-05 14:18:07+00:00,https://helioviewer.org/jp2/LASCO-C2/2012/03/05/white-light/2012_03_05__14_18_06_580__SOHO_LASCO_C3_white-light.jp2
2012-03-05 14:30:05+00:00,https://helioviewer.org/jp2/LASCO-C2/2012/03/05/white-light/2012_03_05__14_30_05_472__SOHO_LASCO_C3_white-light.jp2
2012-03-05 14:42:05+00:00,https://helioviewer.org/jp2/LASCO-C2/2012/03/05/white-light/2012_03_05__14_42_05_463__SOHO_LASCO_C3_white-light.jp2
2012-03-05 15:06:06+00:00,https://helioviewer.org/jp2/LASCO-C2/2012/03/05/white-light/2012_03_05__15_06_06_248__SOHO_LASCO_C3_white-light.jp2
2012-03-05 15:18:05+00:00,https://helioviewer.org/jp2/LASCO-C2/2012/03/05/white-light/2012_03_05__15_18_05_439__SOHO_LASCO_C3_white-light.jp2
2012-03-05 15:30:06+00:00,https://helioviewer.org/jp2/LASCO-C2/2012/03/05/white-light/2012_03_05__15_30_05_631__SOHO_LASCO_C3_white-light.jp2
2012-03-05 15:42:07+00:00,https://helioviewer.org/jp2/LASCO-C2/2012/03/05/white-light/2012_03_05__15_42_06_723__SOHO_LASCO_C3_white-light.jp2
2012-03-05 15:54:07+00:00,https://helioviewer.org/jp2/LASCO-C2/2012/03/05/white-light/2012_03_05__15_54_07_215__SOHO_LASCO_C3_white-light.jp2
2012-03-05 16:06:08+00:00,https://helioviewer.org/jp2/LASCO-C2/2012/03/05/white-light/2012_03_05__16_06_07_606__SOHO_LASCO_C3_white-light.jp2
2012-03-05 16:18:05+00:00,https://helioviewer.org/jp2/LASCO-C2/2012/03/05/white-light/2012_03_05__16_18_05_499__SOHO_LASCO_C3_white-light.jp2
2012-03-05 16:30:05+00:00,https://helioviewer.org/jp2/LASCO-C2/2012/03/05/white-light/2012_03_05__16_30_05_390__SOHO_LASCO_C3_white-light.jp2
2012-03-05 16:42:05+00:00,https://helioviewer.org/jp2/LASCO-C2/2012/03/05/white-light/2012_03_05__16_42_05_382__SOHO_LASCO_C3_white-light.jp2
2012-03-05 16:54:08+00:00,https://helioviewer.org/jp2/LASCO-C2/2012/03/05/white-light/2012_03_05__16_54_07_573__SOHO_LASCO_C3_white-light.jp2
2012-03-05 17:06:06+00:00,https://helioviewer.org/jp2/LASCO-C2/2012/03/05/white-light/2012_03_05__17_06_05_565__SOHO_LASCO_C3_white-light.jp2
2012-03-05 17:18:05+00:00,https://helioviewer.org/jp2/LASCO-C2/2012/03/05/white-light/2012_03_05__17_18_05_457__SOHO_LASCO_C3_white-light.jp2
2012-03-05 17:30:06+00:00,https://helioviewer.org/jp2/LASCO-C2/2012/03/05/white-light/2012_03_05__17_30_05_849__SOHO_LASCO_C3_white-light.jp2
2012-03-05 17:42:07+00:00,https://helioviewer.org/jp2/LASCO-C2/2012/03/05/white-light/2012_03_05__17_42_06_640__SOHO_LASCO_C3_white-light.jp2
2012-03-05 17:54:06+00:00,https://helioviewer.org/jp2/LASCO-C2/2012/03/05/white-light/2012_03_05__17_54_05_532__SOHO_LASCO_C3_white-light.jp2
2012-03-05 18:06:05+00:00,https://helioviewer.org/jp2/LASCO-C2/2012/03/05/white-light/2012_03_05__18_06_05_423__SOHO_LASCO_C3_white-light.jp2
2012-03-05 18:18:05+00:00,https://helioviewer.org/jp2/LASCO-C2/2012/03/05/white-light/2012_03_05__18_18_05_415__SOHO_LASCO_C3_white-light.jp2
2012-03-05 18:30:06+00:00,https://helioviewer.org/jp2/LASCO-C2/2012/03/05/white-light/2012_03_05__18_30_05_507__SOHO_LASCO_C3_white-light.jp2
2012-03-05 18:42:05+00:00,https://helioviewer.org/jp2/LASCO-C2/2012/03/05/white-light/2012_03_05__18_42_05_398__SOHO_LASCO_C3_white-light.jp2
2012-03-05 18:54:05+00:00,https://helioviewer.org/jp2/LASCO-C2/2012/03/05/white-light/2012_03_05__18_54_05_391__SOHO_LASCO_C3_white-light.jp2
2012-03-05 19:06:07+00:00,https://helioviewer.org/jp2/LASCO-C2/2012/03/05/white-light/2012_03_05__19_06_06_982__SOHO_LASCO_C3_white-light.jp2
2012-03-05 19:18:07+00:00,https://helioviewer.org/jp2/LASCO-C2/2012/03/05/white-light/2012_03_05__19_18_06_774__SOHO_LASCO_C3_white-light.jp2
2012-03-05 19:30:06+00:00,https://helioviewer.org/jp2/LASCO-C2/2012/03/05/white-light/2012_03_05__19_30_05_865__SOHO_LASCO_C3_white-light.jp2
2012-03-05 19:42:06+00:00,https://helioviewer.org/jp2/LASCO-C2/2012/03/05/white-light/2012_03_05__19_42_05_757__SOHO_LASCO_C3_white-light.jp2
2012-03-05 19:54:06+00:00,https://helioviewer.org/jp2/LASCO-C2/2012/03/05/white-light/2012_03_05__19_54_05_549__SOHO_LASCO_C3_white-light.jp2
2012-03-05 20:06:08+00:00,https://helioviewer.org/jp2/LASCO-C2/2012/03/05/white-light/2012_03_05__20_06_07_640__SOHO_LASCO_C3_white-light.jp2
2012-03-05 20:18:05+00:00,https://helioviewer.org/jp2/LASCO-C2/2012/03/05/white-light/2012_03_05__20_18_05_432__SOHO_LASCO_C3_white-light.jp2
2012-03-05 20:30:06+00:00,https://helioviewer.org/jp2/LASCO-C2/2012/03/05/white-light/2012_03_05__20_30_05_628__SOHO_LASCO_C3_white-light.jp2
2012-03-05 20:42:08+00:00,https://helioviewer.org/jp2/LASCO-C2/2012/03/05/white-light/2012_03_05__20_42_07_615__SOHO_LASCO_C3_white-light.jp2
2012-03-05 21:18:06+00:00,https://helioviewer.org/jp2/LASCO-C2/2012/03/05/white-light/2012_03_05__21_18_06_191__SOHO_LASCO_C3_white-light.jp2
2012-03-05 21:30:06+00:00,https://helioviewer.org/jp2/LASCO-C2/2012/03/05/white-light/2012_03_05__21_30_06_183__SOHO_LASCO_C3_white-light.jp2
2012-03-05 21:42:07+00:00,https://helioviewer.org/jp2/LASCO-C2/2012/03/05/white-light/2012_03_05__21_42_06_574__SOHO_LASCO_C3_white-light.jp2
2012-03-05 21:54:06+00:00,https://helioviewer.org/jp2/LASCO-C2/2012/03/05/white-light/2012_03_05__21_54_05_566__SOHO_LASCO_C3_white-light.jp2
2012-03-05 22:06:05+00:00,https://helioviewer.org/jp2/LASCO-C2/2012/03/05/white-light/2012_03_05__22_06_05_458__SOHO_LASCO_C3_white-light.jp2
2012-03-05 22:18:06+00:00,https://helioviewer.org/jp2/LASCO-C2/2012/03/05/white-light/2012_03_05__22_18_06_150__SOHO_LASCO_C3_white-light.jp2
2012-03-05 22:30:07+00:00,https://helioviewer.org/jp2/LASCO-C2/2012/03/05/white-light/2012_03_05__22_30_06_641__SOHO_LASCO_C3_white-light.jp2
2012-03-05 23:06:10+00:00,https://helioviewer.org/jp2/LASCO-C2/2012/03/05/white-light/2012_03_05__23_06_09_816__SOHO_LASCO_C3_white-light.jp2
2012-03-05 23:18:10+00:00,https://helioviewer.org/jp2/LASCO-C2/2012/03/05/white-light/2012_03_05__23_18_10_108__SOHO_LASCO_C3_white-light.jp2
2012-03-05 23:30:06+00:00,https://helioviewer.org/jp2/LASCO-C2/2012/03/05/white-light/2012_03_05__23_30_06_100__SOHO_LASCO_C3_white-light.jp2
2012-03-05 23:42:06+00:00,https://helioviewer.org/jp2/LASCO-C2/2012/03/05/white-light/2012_03_05__23_42_06_091__SOHO_LASCO_C3_white-light.jp2
2012-03-05 23:54:06+00:00,https://helioviewer.org/jp2/LASCO-C2/2012/03/05/white-light/2012_03_05__23_54_05_583__SOHO_LASCO_C3_white-light.jp2
2012-03-06 00:06:08+00:00,https://helioviewer.org/jp2/LASCO-C2/2012/03/06/white-light/2012_03_06__00_06_07_975__SOHO_LASCO_C3_white-light.jp2
2012-03-06 00:18:06+00:00,https://helioviewer.org/jp2/LASCO-C2/2012/03/06/white-light/2012_03_06__00_18_05_567__SOHO_LASCO_C3_white-light.jp2
2012-03-06 00:30:05+00:00,https://helioviewer.org/jp2/LASCO-C2/2012/03/06/white-light/2012_03_06__00_30_05_458__SOHO_LASCO_C3_white-light.jp2
2012-03-06 00:42:06+00:00,https://helioviewer.org/jp2/LASCO-C2/2012/03/06/white-light/2012_03_06__00_42_06_149__SOHO_LASCO_C3_white-light.jp2
2012-03-06 00:54:06+00:00,https://helioviewer.org/jp2/LASCO-C2/2012/03/06/white-light/2012_03_06__00_54_06_242__SOHO_LASCO_C3_white-light.jp2
2012-03-06 01:30:22+00:00,https://helioviewer.org/jp2/LASCO-C2/2012/03/06/white-light/2012_03_06__01_30_22_117__SOHO_LASCO_C3_white-light.jp2
2012-03-06 01:42:07+00:00,https://helioviewer.org/jp2/LASCO-C2/2012/03/06/white-light/2012_03_06__01_42_06_608__SOHO_LASCO_C3_white-light.jp2
2012-03-06 01:54:05+00:00,https://helioviewer.org/jp2/LASCO-C2/2012/03/06/white-light/2012_03_06__01_54_05_400__SOHO_LASCO_C3_white-light.jp2
2012-03-06 02:06:06+00:00,https://helioviewer.org/jp2/LASCO-C2/2012/03/06/white-light/2012_03_06__02_06_05_592__SOHO_LASCO_C3_white-light.jp2
2012-03-06 02:18:07+00:00,https://helioviewer.org/jp2/LASCO-C2/2012/03/06/white-light/2012_03_06__02_18_06_784__SOHO_LASCO_C3_white-light.jp2
2012-03-06 02:30:07+00:00,https://helioviewer.org/jp2/LASCO-C2/2012/03/06/white-light/2012_03_06__02_30_07_175__SOHO_LASCO_C3_white-light.jp2
2012-03-06 02:42:05+00:00,https://helioviewer.org/jp2/LASCO-C2/2012/03/06/white-light/2012_03_06__02_42_05_468__SOHO_LASCO_C3_white-light.jp2
2012-03-06 03:06:05+00:00,https://helioviewer.org/jp2/LASCO-C2/2012/03/06/white-light/2012_03_06__03_06_05_450__SOHO_LASCO_C3_white-light.jp2
2012-03-06 03:18:07+00:00,https://helioviewer.org/jp2/LASCO-C2/2012/03/06/white-light/2012_03_06__03_18_06_642__SOHO_LASCO_C3_white-light.jp2
2012-03-06 03:30:06+00:00,https://helioviewer.org/jp2/LASCO-C2/2012/03/06/white-light/2012_03_06__03_30_06_134__SOHO_LASCO_C3_white-light.jp2
2012-03-06 03:42:06+00:00,https://helioviewer.org/jp2/LASCO-C2/2012/03/06/white-light/2012_03_06__03_42_05_926__SOHO_LASCO_C3_white-light.jp2
2012-03-06 03:54:06+00:00,https://helioviewer.org/jp2/LASCO-C2/2012/03/06/white-light/2012_03_06__03_54_06_417__SOHO_LASCO_C3_white-light.jp2
2012-03-06 04:06:05+00:00,https://helioviewer.org/jp2/LASCO-C2/2012/03/06/white-light/2012_03_06__04_06_05_409__SOHO_LASCO_C3_white-light.jp2
2012-03-06 04:18:07+00:00,https://helioviewer.org/jp2/LASCO-C2/2012/03/06/white-light/2012_03_06__04_18_06_801__SOHO_LASCO_C3_white-light.jp2
2012-03-06 04:30:06+00:00,https://helioviewer.org/jp2/LASCO-C2/2012/03/06/white-light/2012_03_06__04_30_06_393__SOHO_LASCO_C3_white-light.jp2
2012-03-06 04:42:05+00:00,https://helioviewer.org/jp2/LASCO-C2/2012/03/06/white-light/2012_03_06__04_42_05_484__SOHO_LASCO_C3_white-light.jp2
2012-03-06 04:54:05+00:00,https://helioviewer.org/jp2/LASCO-C2/2012/03/06/white-light/2012_03_06__04_54_05_476__SOHO_LASCO_C3_white-light.jp2
2012-03-06 05:06:07+00:00,https://helioviewer.org/jp2/LASCO-C2/2012/03/06/white-light/2012_03_06__05_06_06_667__SOHO_LASCO_C3_white-light.jp2
2012-03-06 05:18:08+00:00,https://helioviewer.org/jp2/LASCO-C2/2012/03/06/white-light/2012_03_06__05_18_07_959__SOHO_LASCO_C3_white-light.jp2
2012-03-06 05:30:06+00:00,https://helioviewer.org/jp2/LASCO-C2/2012/03/06/white-light/2012_03_06__05_30_05_551__SOHO_LASCO_C3_white-light.jp2
2012-03-06 05:42:06+00:00,https://helioviewer.org/jp2/LASCO-C2/2012/03/06/white-light/2012_03_06__05_42_05_743__SOHO_LASCO_C3_white-light.jp2
2012-03-06 05:54:05+00:00,https://helioviewer.org/jp2/LASCO-C2/2012/03/06/white-light/2012_03_06__05_54_05_435__SOHO_LASCO_C3_white-light.jp2
2012-03-06 06:06:08+00:00,https://helioviewer.org/jp2/LASCO-C2/2012/03/06/white-light/2012_03_06__06_06_07_626__SOHO_LASCO_C3_white-light.jp2
2012-03-06 06:18:06+00:00,https://helioviewer.org/jp2/LASCO-C2/2012/03/06/white-light/2012_03_06__06_18_05_918__SOHO_LASCO_C3_white-light.jp2
2012-03-06 06:30:05+00:00,https://helioviewer.org/jp2/LASCO-C2/2012/03/06/white-light/2012_03_06__06_30_05_410__SOHO_LASCO_C3_white-light.jp2
2012-03-06 06:42:06+00:00,https://helioviewer.org/jp2/LASCO-C2/2012/03/06/white-light/2012_03_06__06_42_06_402__SOHO_LASCO_C3_white-light.jp2
2012-03-06 06:54:06+00:00,https://helioviewer.org/jp2/LASCO-C2/2012/03/06/white-light/2012_03_06__06_54_05_593__SOHO_LASCO_C3_white-light.jp2
2012-03-06 07:06:05+00:00,https://helioviewer.org/jp2/LASCO-C2/2012/03/06/white-light/2012_03_06__07_06_05_385__SOHO_LASCO_C3_white-light.jp2
2012-03-06 07:18:06+00:00,https://helioviewer.org/jp2/LASCO-C2/2012/03/06/white-light/2012_03_06__07_18_06_077__SOHO_LASCO_C3_white-light.jp2
2012-03-06 07:30:06+00:00,https://helioviewer.org/jp2/LASCO-C2/2012/03/06/white-light/2012_03_06__07_30_05_668__SOHO_LASCO_C3_white-light.jp2
2012-03-06 07:42:05+00:00,https://helioviewer.org/jp2/LASCO-C2/2012/03/06/white-light/2012_03_06__07_42_05_460__SOHO_LASCO_C3_white-light.jp2
2012-03-06 07:54:06+00:00,https://helioviewer.org/jp2/LASCO-C2/2012/03/06/white-light/2012_03_06__07_54_05_552__SOHO_LASCO_C3_white-light.jp2
2012-03-06 08:06:08+00:00,https://helioviewer.org/jp2/LASCO-C2/2012/03/06/white-light/2012_03_06__08_06_07_644__SOHO_LASCO_C3_white-light.jp2
2012-03-06 08:18:06+00:00,https://helioviewer.org/jp2/LASCO-C2/2012/03/06/white-light/2012_03_06__08_18_05_621__SOHO_LASCO_C3_white-light.jp2
2012-03-06 08:30:05+00:00,https://helioviewer.org/jp2/LASCO-C2/2012/03/06/white-light/2012_03_06__08_30_05_427__SOHO_LASCO_C3_white-light.jp2
2012-03-06 08:42:05+00:00,https://helioviewer.org/jp2/LASCO-C2/2012/03/06/white-light/2012_03_06__08_42_05_418__SOHO_LASCO_C3_white-light.jp2
2012-03-06 09:06:07+00:00,https://helioviewer.org/jp2/LASCO-C2/2012/03/06/white-light/2012_03_06__09_06_06_502__SOHO_LASCO_C3_white-light.jp2
2012-03-06 09:18:07+00:00,https://helioviewer.org/jp2/LASCO-C2/2012/03/06/white-light/2012_03_06__09_18_06_594__SOHO_LASCO_C3_white-light.jp2
2012-03-06 09:30:07+00:00,https://helioviewer.org/jp2/LASCO-C2/2012/03/06/white-light/2012_03_06__09_30_07_196__SOHO_LASCO_C3_white-light.jp2
2012-03-06 09:42:07+00:00,https://helioviewer.org/jp2/LASCO-C2/2012/03/06/white-light/2012_03_06__09_42_06_577__SOHO_LASCO_C3_white-light.jp2
2012-03-06 09:54:05+00:00,https://helioviewer.org/jp2/LASCO-C2/2012/03/06/white-light/2012_03_06__09_54_05_369__SOHO_LASCO_C3_white-light.jp2
2012-03-06 10:06:05+00:00,https://helioviewer.org/jp2/LASCO-C2/2012/03/06/white-light/2012_03_06__10_06_05_461__SOHO_LASCO_C3_white-light.jp2
2012-03-06 10:18:06+00:00,https://helioviewer.org/jp2/LASCO-C2/2012/03/06/white-light/2012_03_06__10_18_06_453__SOHO_LASCO_C3_white-light.jp2
2012-03-06 10:30:06+00:00,https://helioviewer.org/jp2/LASCO-C2/2012/03/06/white-light/2012_03_06__10_30_06_244__SOHO_LASCO_C3_white-light.jp2
2012-03-06 10:42:06+00:00,https://helioviewer.org/jp2/LASCO-C2/2012/03/06/white-light/2012_03_06__10_42_05_536__SOHO_LASCO_C3_white-light.jp2
2012-03-06 10:54:09+00:00,https://helioviewer.org/jp2/LASCO-C2/2012/03/06/white-light/2012_03_06__10_54_08_627__SOHO_LASCO_C3_white-light.jp2
2012-03-06 11:06:06+00:00,https://helioviewer.org/jp2/LASCO-C2/2012/03/06/white-light/2012_03_06__11_06_05_519__SOHO_LASCO_C3_white-light.jp2
2012-03-06 11:18:05+00:00,https://helioviewer.org/jp2/LASCO-C2/2012/03/06/white-light/2012_03_06__11_18_05_411__SOHO_LASCO_C3_white-light.jp2
2012-03-06 11:30:06+00:00,https://helioviewer.org/jp2/LASCO-C2/2012/03/06/white-light/2012_03_06__11_30_05_907__SOHO_LASCO_C3_white-light.jp2
2012-03-06 11:42:06+00:00,https://helioviewer.org/jp2/LASCO-C2/2012/03/06/white-light/2012_03_06__11_42_05_794__SOHO_LASCO_C3_white-light.jp2
2012-03-06 11:54:07+00:00,https://helioviewer.org/jp2/LASCO-C2/2012/03/06/white-light/2012_03_06__11_54_06_786__SOHO_LASCO_C3_white-light.jp2
2012-03-06 12:06:08+00:00,https://helioviewer.org/jp2/LASCO-C2/2012/03/06/white-light/2012_03_06__12_06_07_578__SOHO_LASCO_C3_white-light.jp2
2012-03-06 12:18:05+00:00,https://helioviewer.org/jp2/LASCO-C2/2012/03/06/white-light/2012_03_06__12_18_05_470__SOHO_LASCO_C3_white-light.jp2
2012-03-06 12:30:07+00:00,https://helioviewer.org/jp2/LASCO-C2/2012/03/06/white-light/2012_03_06__12_30_06_661__SOHO_LASCO_C3_white-light.jp2
2012-03-06 12:42:05+00:00,https://helioviewer.org/jp2/LASCO-C2/2012/03/06/white-light/2012_03_06__12_42_05_453__SOHO_LASCO_C3_white-light.jp2
2012-03-06 12:54:06+00:00,https://helioviewer.org/jp2/LASCO-C2/2012/03/06/white-light/2012_03_06__12_54_06_445__SOHO_LASCO_C3_white-light.jp2
2012-03-06 13:30:24+00:00,https://helioviewer.org/jp2/LASCO-C2/2012/03/06/white-light/2012_03_06__13_30_24_420__SOHO_LASCO_C3_white-light.jp2
2012-03-06 13:42:05+00:00,https://helioviewer.org/jp2/LASCO-C2/2012/03/06/white-light/2012_03_06__13_42_05_411__SOHO_LASCO_C3_white-light.jp2
2012-03-06 13:54:07+00:00,https://helioviewer.org/jp2/LASCO-C2/2012/03/06/white-light/2012_03_06__13_54_07_203__SOHO_LASCO_C3_white-light.jp2
2012-03-06 14:06:05+00:00,https://helioviewer.org/jp2/LASCO-C2/2012/03/06/white-light/2012_03_06__14_06_05_395__SOHO_LASCO_C3_white-light.jp2
2012-03-06 14:18:06+00:00,https://helioviewer.org/jp2/LASCO-C2/2012/03/06/white-light/2012_03_06__14_18_05_587__SOHO_LASCO_C3_white-light.jp2
2012-03-06 14:30:07+00:00,https://helioviewer.org/jp2/LASCO-C2/2012/03/06/white-light/2012_03_06__14_30_06_778__SOHO_LASCO_C3_white-light.jp2
2012-03-06 14:42:06+00:00,https://helioviewer.org/jp2/LASCO-C2/2012/03/06/white-light/2012_03_06__14_42_06_275__SOHO_LASCO_C3_white-light.jp2
2012-03-06 15:06:06+00:00,https://helioviewer.org/jp2/LASCO-C2/2012/03/06/white-light/2012_03_06__15_06_06_454__SOHO_LASCO_C3_white-light.jp2
2012-03-06 15:18:07+00:00,https://helioviewer.org/jp2/LASCO-C2/2012/03/06/white-light/2012_03_06__15_18_07_146__SOHO_LASCO_C3_white-light.jp2
2012-03-06 15:30:06+00:00,https://helioviewer.org/jp2/LASCO-C2/2012/03/06/white-light/2012_03_06__15_30_06_437__SOHO_LASCO_C3_white-light.jp2
2012-03-06 16:09:21+00:00,https://helioviewer.org/jp2/LASCO-C2/2012/03/06/white-light/2012_03_06__16_09_20_910__SOHO_LASCO_C3_white-light.jp2
2012-03-06 16:23:50+00:00,https://helioviewer.org/jp2/LASCO-C2/2012/03/06/white-light/2012_03_06__16_23_49_700__SOHO_LASCO_C3_white-light.jp2
2012-03-06 16:30:05+00:00,https://helioviewer.org/jp2/LASCO-C2/2012/03/06/white-light/2012_03_06__16_30_05_396__SOHO_LASCO_C3_white-light.jp2
2012-03-06 16:42:05+00:00,https://helioviewer.org/jp2/LASCO-C2/2012/03/06/white-light/2012_03_06__16_42_05_388__SOHO_LASCO_C3_white-light.jp2
2012-03-06 16:54:07+00:00,https://helioviewer.org/jp2/LASCO-C2/2012/03/06/white-light/2012_03_06__16_54_06_680__SOHO_LASCO_C3_white-light.jp2
2012-03-06 17:06:07+00:00,https://helioviewer.org/jp2/LASCO-C2/2012/03/06/white-light/2012_03_06__17_06_06_571__SOHO_LASCO_C3_white-light.jp2
2012-03-06 17:18:08+00:00,https://helioviewer.org/jp2/LASCO-C2/2012/03/06/white-light/2012_03_06__17_18_07_663__SOHO_LASCO_C3_white-light.jp2
2012-03-06 17:30:06+00:00,https://helioviewer.org/jp2/LASCO-C2/2012/03/06/white-light/2012_03_06__17_30_06_055__SOHO_LASCO_C3_white-light.jp2
2012-03-06 17:42:08+00:00,https://helioviewer.org/jp2/LASCO-C2/2012/03/06/white-light/2012_03_06__17_42_07_547__SOHO_LASCO_C3_white-light.jp2
2012-03-06 17:54:06+00:00,https://helioviewer.org/jp2/LASCO-C2/2012/03/06/white-light/2012_03_06__17_54_06_438__SOHO_LASCO_C3_white-light.jp2
2012-03-06 18:06:07+00:00,https://helioviewer.org/jp2/LASCO-C2/2012/03/06/white-light/2012_03_06__18_06_06_630__SOHO_LASCO_C3_white-light.jp2
2012-03-06 18:18:06+00:00,https://helioviewer.org/jp2/LASCO-C2/2012/03/06/white-light/2012_03_06__18_18_05_521__SOHO_LASCO_C3_white-light.jp2
2012-03-06 18:30:07+00:00,https://helioviewer.org/jp2/LASCO-C2/2012/03/06/white-light/2012_03_06__18_30_07_213__SOHO_LASCO_C3_white-light.jp2
2012-03-06 18:42:06+00:00,https://helioviewer.org/jp2/LASCO-C2/2012/03/06/white-light/2012_03_06__18_42_05_705__SOHO_LASCO_C3_white-light.jp2
2012-03-06 18:54:06+00:00,https://helioviewer.org/jp2/LASCO-C2/2012/03/06/white-light/2012_03_06__18_54_06_497__SOHO_LASCO_C3_white-light.jp2
2012-03-06 19:06:07+00:00,https://helioviewer.org/jp2/LASCO-C2/2012/03/06/white-light/2012_03_06__19_06_06_588__SOHO_LASCO_C3_white-light.jp2
2012-03-06 19:18:07+00:00,https://helioviewer.org/jp2/LASCO-C2/2012/03/06/white-light/2012_03_06__19_18_06_980__SOHO_LASCO_C3_white-light.jp2
2012-03-06 19:30:05+00:00,https://helioviewer.org/jp2/LASCO-C2/2012/03/06/white-light/2012_03_06__19_30_05_372__SOHO_LASCO_C3_white-light.jp2
2012-03-06 19:42:06+00:00,https://helioviewer.org/jp2/LASCO-C2/2012/03/06/white-light/2012_03_06__19_42_05_564__SOHO_LASCO_C3_white-light.jp2
2012-03-06 19:54:07+00:00,https://helioviewer.org/jp2/LASCO-C2/2012/03/06/white-light/2012_03_06__19_54_06_655__SOHO_LASCO_C3_white-light.jp2
2012-03-06 20:06:06+00:00,https://helioviewer.org/jp2/LASCO-C2/2012/03/06/white-light/2012_03_06__20_06_06_247__SOHO_LASCO_C3_white-light.jp2
2012-03-06 20:18:06+00:00,https://helioviewer.org/jp2/LASCO-C2/2012/03/06/white-light/2012_03_06__20_18_05_739__SOHO_LASCO_C3_white-light.jp2
2012-03-06 20:30:06+00:00,https://helioviewer.org/jp2/LASCO-C2/2012/03/06/white-light/2012_03_06__20_30_06_230__SOHO_LASCO_C3_white-light.jp2
2012-03-06 20:42:07+00:00,https://helioviewer.org/jp2/LASCO-C2/2012/03/06/white-light/2012_03_06__20_42_07_223__SOHO_LASCO_C3_white-light.jp2
2012-03-06 21:11:31+00:00,https://helioviewer.org/jp2/LASCO-C2/2012/03/06/white-light/2012_03_06__21_11_31_202__SOHO_LASCO_C3_white-light.jp2
2012-03-06 21:22:07+00:00,https://helioviewer.org/jp2/LASCO-C2/2012/03/06/white-light/2012_03_06__21_22_06_595__SOHO_LASCO_C3_white-light.jp2
2012-03-06 21:32:36+00:00,https://helioviewer.org/jp2/LASCO-C2/2012/03/06/white-light/2012_03_06__21_32_36_487__SOHO_LASCO_C3_white-light.jp2
2012-03-06 21:43:43+00:00,https://helioviewer.org/jp2/LASCO-C2/2012/03/06/white-light/2012_03_06__21_43_43_480__SOHO_LASCO_C3_white-light.jp2
2012-03-06 21:54:16+00:00,https://helioviewer.org/jp2/LASCO-C2/2012/03/06/white-light/2012_03_06__21_54_16_273__SOHO_LASCO_C3_white-light.jp2
2012-03-06 22:06:07+00:00,https://helioviewer.org/jp2/LASCO-C2/2012/03/06/white-light/2012_03_06__22_06_07_165__SOHO_LASCO_C3_white-light.jp2
2012-03-06 22:18:06+00:00,https://helioviewer.org/jp2/LASCO-C2/2012/03/06/white-light/2012_03_06__22_18_05_756__SOHO_LASCO_C3_white-light.jp2
2012-03-06 22:30:05+00:00,https://helioviewer.org/jp2/LASCO-C2/2012/03/06/white-light/2012_03_06__22_30_05_448__SOHO_LASCO_C3_white-light.jp2
2012-03-06 23:06:13+00:00,https://helioviewer.org/jp2/LASCO-C2/2012/03/06/white-light/2012_03_06__23_06_13_123__SOHO_LASCO_C3_white-light.jp2
2012-03-06 23:18:05+00:00,https://helioviewer.org/jp2/LASCO-C2/2012/03/06/white-light/2012_03_06__23_18_05_415__SOHO_LASCO_C3_white-light.jp2
2012-03-06 23:30:06+00:00,https://helioviewer.org/jp2/LASCO-C2/2012/03/06/white-light/2012_03_06__23_30_05_907__SOHO_LASCO_C3_white-light.jp2
2012-03-06 23:42:06+00:00,https://helioviewer.org/jp2/LASCO-C2/2012/03/06/white-light/2012_03_06__23_42_06_298__SOHO_LASCO_C3_white-light.jp2
2012-03-06 23:54:06+00:00,https://helioviewer.org/jp2/LASCO-C2/2012/03/06/white-light/2012_03_06__23_54_05_791__SOHO_LASCO_C3_white-light.jp2
2012-03-07 00:06:06+00:00,https://helioviewer.org/jp2/LASCO-C2/2012/03/07/white-light/2012_03_07__00_06_05_682__SOHO_LASCO_C3_white-light.jp2
2012-03-07 00:18:06+00:00,https://helioviewer.org/jp2/LASCO-C2/2012/03/07/white-light/2012_03_07__00_18_05_774__SOHO_LASCO_C3_white-light.jp2
2012-03-07 00:30:07+00:00,https://helioviewer.org/jp2/LASCO-C2/2012/03/07/white-light/2012_03_07__00_30_06_766__SOHO_LASCO_C3_white-light.jp2
2012-03-07 00:42:05+00:00,https://helioviewer.org/jp2/LASCO-C2/2012/03/07/white-light/2012_03_07__00_42_05_457__SOHO_LASCO_C3_white-light.jp2
2012-03-07 00:54:05+00:00,https://helioviewer.org/jp2/LASCO-C2/2012/03/07/white-light/2012_03_07__00_54_05_449__SOHO_LASCO_C3_white-light.jp2
2012-03-07 01:30:25+00:00,https://helioviewer.org/jp2/LASCO-C2/2012/03/07/white-light/2012_03_07__01_30_24_824__SOHO_LASCO_C3_white-light.jp2
2012-03-07 01:42:06+00:00,https://helioviewer.org/jp2/LASCO-C2/2012/03/07/white-light/2012_03_07__01_42_06_416__SOHO_LASCO_C3_white-light.jp2
2012-03-07 01:54:06+00:00,https://helioviewer.org/jp2/LASCO-C2/2012/03/07/white-light/2012_03_07__01_54_05_508__SOHO_LASCO_C3_white-light.jp2
2012-03-07 02:06:05+00:00,https://helioviewer.org/jp2/LASCO-C2/2012/03/07/white-light/2012_03_07__02_06_05_399__SOHO_LASCO_C3_white-light.jp2
2012-03-07 02:18:05+00:00,https://helioviewer.org/jp2/LASCO-C2/2012/03/07/white-light/2012_03_07__02_18_05_391__SOHO_LASCO_C3_white-light.jp2
2012-03-07 02:30:07+00:00,https://helioviewer.org/jp2/LASCO-C2/2012/03/07/white-light/2012_03_07__02_30_07_183__SOHO_LASCO_C3_white-light.jp2
2012-03-07 02:42:05+00:00,https://helioviewer.org/jp2/LASCO-C2/2012/03/07/white-light/2012_03_07__02_42_05_475__SOHO_LASCO_C3_white-light.jp2
2012-03-07 03:06:06+00:00,https://helioviewer.org/jp2/LASCO-C2/2012/03/07/white-light/2012_03_07__03_06_06_259__SOHO_LASCO_C3_white-light.jp2
2012-03-07 03:18:05+00:00,https://helioviewer.org/jp2/LASCO-C2/2012/03/07/white-light/2012_03_07__03_18_05_450__SOHO_LASCO_C3_white-light.jp2
2012-03-07 03:30:05+00:00,https://helioviewer.org/jp2/LASCO-C2/2012/03/07/white-light/2012_03_07__03_30_05_442__SOHO_LASCO_C3_white-light.jp2
2012-03-07 03:42:05+00:00,https://helioviewer.org/jp2/LASCO-C2/2012/03/07/white-light/2012_03_07__03_42_05_434__SOHO_LASCO_C3_white-light.jp2
2012-03-07 03:54:06+00:00,https://helioviewer.org/jp2/LASCO-C2/2012/03/07/white-light/2012_03_07__03_54_05_526__SOHO_LASCO_C3_white-light.jp2
2012-03-07 04:06:06+00:00,https://helioviewer.org/jp2/LASCO-C2/2012/03/07/white-light/2012_03_07__04_06_05_518__SOHO_LASCO_C3_white-light.jp2
2012-03-07 04:18:06+00:00,https://helioviewer.org/jp2/LASCO-C2/2012/03/07/white-light/2012_03_07__04_18_06_109__SOHO_LASCO_C3_white-light.jp2
2012-03-07 04:30:05+00:00,https://helioviewer.org/jp2/LASCO-C2/2012/03/07/white-light/2012_03_07__04_30_05_401__SOHO_LASCO_C3_white-light.jp2
2012-03-07 04:42:06+00:00,https://helioviewer.org/jp2/LASCO-C2/2012/03/07/white-light/2012_03_07__04_42_05_592__SOHO_LASCO_C3_white-light.jp2
2012-03-07 04:54:05+00:00,https://helioviewer.org/jp2/LASCO-C2/2012/03/07/white-light/2012_03_07__04_54_05_384__SOHO_LASCO_C3_white-light.jp2
2012-03-07 05:06:05+00:00,https://helioviewer.org/jp2/LASCO-C2/2012/03/07/white-light/2012_03_07__05_06_05_375__SOHO_LASCO_C3_white-light.jp2
2012-03-07 05:18:05+00:00,https://helioviewer.org/jp2/LASCO-C2/2012/03/07/white-light/2012_03_07__05_18_05_468__SOHO_LASCO_C3_white-light.jp2
2012-03-07 05:30:06+00:00,https://helioviewer.org/jp2/LASCO-C2/2012/03/07/white-light/2012_03_07__05_30_05_660__SOHO_LASCO_C3_white-light.jp2
2012-03-07 05:42:06+00:00,https://helioviewer.org/jp2/LASCO-C2/2012/03/07/white-light/2012_03_07__05_42_05_851__SOHO_LASCO_C3_white-light.jp2
2012-03-07 05:54:06+00:00,https://helioviewer.org/jp2/LASCO-C2/2012/03/07/white-light/2012_03_07__05_54_05_743__SOHO_LASCO_C3_white-light.jp2
2012-03-07 06:06:05+00:00,https://helioviewer.org/jp2/LASCO-C2/2012/03/07/white-light/2012_03_07__06_06_05_435__SOHO_LASCO_C3_white-light.jp2
2012-03-07 06:18:06+00:00,https://helioviewer.org/jp2/LASCO-C2/2012/03/07/white-light/2012_03_07__06_18_05_526__SOHO_LASCO_C3_white-light.jp2
2012-03-07 06:30:07+00:00,https://helioviewer.org/jp2/LASCO-C2/2012/03/07/white-light/2012_03_07__06_30_06_618__SOHO_LASCO_C3_white-light.jp2
2012-03-07 06:42:05+00:00,https://helioviewer.org/jp2/LASCO-C2/2012/03/07/white-light/2012_03_07__06_42_05_410__SOHO_LASCO_C3_white-light.jp2
2012-03-07 07:06:07+00:00,https://helioviewer.org/jp2/LASCO-C2/2012/03/07/white-light/2012_03_07__07_06_07_193__SOHO_LASCO_C3_white-light.jp2
2012-03-07 07:18:05+00:00,https://helioviewer.org/jp2/LASCO-C2/2012/03/07/white-light/2012_03_07__07_18_05_485__SOHO_LASCO_C3_white-light.jp2
2012-03-07 07:30:05+00:00,https://helioviewer.org/jp2/LASCO-C2/2012/03/07/white-light/2012_03_07__07_30_05_377__SOHO_LASCO_C3_white-light.jp2
2012-03-07 07:42:06+00:00,https://helioviewer.org/jp2/LASCO-C2/2012/03/07/white-light/2012_03_07__07_42_05_668__SOHO_LASCO_C3_white-light.jp2
2012-03-07 07:54:05+00:00,https://helioviewer.org/jp2/LASCO-C2/2012/03/07/white-light/2012_03_07__07_54_05_460__SOHO_LASCO_C3_white-light.jp2
2012-03-07 08:06:07+00:00,https://helioviewer.org/jp2/LASCO-C2/2012/03/07/white-light/2012_03_07__08_06_07_251__SOHO_LASCO_C3_white-light.jp2
2012-03-07 08:18:05+00:00,https://helioviewer.org/jp2/LASCO-C2/2012/03/07/white-light/2012_03_07__08_18_05_444__SOHO_LASCO_C3_white-light.jp2
2012-03-07 08:30:06+00:00,https://helioviewer.org/jp2/LASCO-C2/2012/03/07/white-light/2012_03_07__08_30_05_735__SOHO_LASCO_C3_white-light.jp2
2012-03-07 08:42:05+00:00,https://helioviewer.org/jp2/LASCO-C2/2012/03/07/white-light/2012_03_07__08_42_05_427__SOHO_LASCO_C3_white-light.jp2
2012-03-07 09:06:05+00:00,https://helioviewer.org/jp2/LASCO-C2/2012/03/07/white-light/2012_03_07__09_06_05_411__SOHO_LASCO_C3_white-light.jp2
2012-03-07 09:18:05+00:00,https://helioviewer.org/jp2/LASCO-C2/2012/03/07/white-light/2012_03_07__09_18_05_402__SOHO_LASCO_C3_white-light.jp2
2012-03-07 09:30:06+00:00,https://helioviewer.org/jp2/LASCO-C2/2012/03/07/white-light/2012_03_07__09_30_06_494__SOHO_LASCO_C3_white-light.jp2
2012-03-07 09:42:06+00:00,https://helioviewer.org/jp2/LASCO-C2/2012/03/07/white-light/2012_03_07__09_42_06_186__SOHO_LASCO_C3_white-light.jp2
2012-03-07 09:54:06+00:00,https://helioviewer.org/jp2/LASCO-C2/2012/03/07/white-light/2012_03_07__09_54_06_277__SOHO_LASCO_C3_white-light.jp2
2012-03-07 10:06:06+00:00,https://helioviewer.org/jp2/LASCO-C2/2012/03/07/white-light/2012_03_07__10_06_05_770__SOHO_LASCO_C3_white-light.jp2
2012-03-07 10:18:07+00:00,https://helioviewer.org/jp2/LASCO-C2/2012/03/07/white-light/2012_03_07__10_18_06_961__SOHO_LASCO_C3_white-light.jp2
2012-03-07 10:30:06+00:00,https://helioviewer.org/jp2/LASCO-C2/2012/03/07/white-light/2012_03_07__10_30_05_552__SOHO_LASCO_C3_white-light.jp2
2012-03-07 10:42:06+00:00,https://helioviewer.org/jp2/LASCO-C2/2012/03/07/white-light/2012_03_07__10_42_05_944__SOHO_LASCO_C3_white-light.jp2
2012-03-07 10:54:05+00:00,https://helioviewer.org/jp2/LASCO-C2/2012/03/07/white-light/2012_03_07__10_54_05_436__SOHO_LASCO_C3_white-light.jp2
2012-03-07 11:06:08+00:00,https://helioviewer.org/jp2/LASCO-C2/2012/03/07/white-light/2012_03_07__11_06_07_628__SOHO_LASCO_C3_white-light.jp2
2012-03-07 11:18:06+00:00,https://helioviewer.org/jp2/LASCO-C2/2012/03/07/white-light/2012_03_07__11_18_05_719__SOHO_LASCO_C3_white-light.jp2
2012-03-07 11:30:06+00:00,https://helioviewer.org/jp2/LASCO-C2/2012/03/07/white-light/2012_03_07__11_30_05_711__SOHO_LASCO_C3_white-light.jp2
2012-03-07 11:42:13+00:00,https://helioviewer.org/jp2/LASCO-C2/2012/03/07/white-light/2012_03_07__11_42_12_603__SOHO_LASCO_C3_white-light.jp2
2012-03-07 11:54:57+00:00,https://helioviewer.org/jp2/LASCO-C2/2012/03/07/white-light/2012_03_07__11_54_56_895__SOHO_LASCO_C3_white-light.jp2
2012-03-07 12:07:13+00:00,https://helioviewer.org/jp2/LASCO-C2/2012/03/07/white-light/2012_03_07__12_07_13_286__SOHO_LASCO_C3_white-light.jp2
2012-03-07 12:19:32+00:00,https://helioviewer.org/jp2/LASCO-C2/2012/03/07/white-light/2012_03_07__12_19_31_777__SOHO_LASCO_C3_white-light.jp2
2012-03-07 12:31:56+00:00,https://helioviewer.org/jp2/LASCO-C2/2012/03/07/white-light/2012_03_07__12_31_55_869__SOHO_LASCO_C3_white-light.jp2
2012-03-07 12:46:01+00:00,https://helioviewer.org/jp2/LASCO-C2/2012/03/07/white-light/2012_03_07__12_46_00_759__SOHO_LASCO_C3_white-light.jp2
2012-03-07 13:01:19+00:00,https://helioviewer.org/jp2/LASCO-C2/2012/03/07/white-light/2012_03_07__13_01_19_448__SOHO_LASCO_C3_white-light.jp2
2012-03-07 13:53:51+00:00,https://helioviewer.org/jp2/LASCO-C2/2012/03/07/white-light/2012_03_07__13_53_51_112__SOHO_LASCO_C3_white-light.jp2
2012-03-07 14:09:16+00:00,https://helioviewer.org/jp2/LASCO-C2/2012/03/07/white-light/2012_03_07__14_09_15_602__SOHO_LASCO_C3_white-light.jp2
2012-03-07 14:24:44+00:00,https://helioviewer.org/jp2/LASCO-C2/2012/03/07/white-light/2012_03_07__14_24_44_098__SOHO_LASCO_C3_white-light.jp2
2012-03-07 14:40:31+00:00,https://helioviewer.org/jp2/LASCO-C2/2012/03/07/white-light/2012_03_07__14_40_30_580__SOHO_LASCO_C3_white-light.jp2
2012-03-07 14:56:38+00:00,https://helioviewer.org/jp2/LASCO-C2/2012/03/07/white-light/2012_03_07__14_56_38_469__SOHO_LASCO_C3_white-light.jp2
2012-03-07 15:13:14+00:00,https://helioviewer.org/jp2/LASCO-C2/2012/03/07/white-light/2012_03_07__15_13_13_558__SOHO_LASCO_C3_white-light.jp2
2012-03-07 15:29:40+00:00,https://helioviewer.org/jp2/LASCO-C2/2012/03/07/white-light/2012_03_07__15_29_39_846__SOHO_LASCO_C3_white-light.jp2
2012-03-07 15:57:46+00:00,https://helioviewer.org/jp2/LASCO-C2/2012/03/07/white-light/2012_03_07__15_57_46_426__SOHO_LASCO_C3_white-light.jp2
2012-03-07 16:14:00+00:00,https://helioviewer.org/jp2/LASCO-C2/2012/03/07/white-light/2012_03_07__16_13_59_815__SOHO_LASCO_C3_white-light.jp2
2012-03-07 16:30:13+00:00,https://helioviewer.org/jp2/LASCO-C2/2012/03/07/white-light/2012_03_07__16_30_13_104__SOHO_LASCO_C3_white-light.jp2
2012-03-07 16:46:29+00:00,https://helioviewer.org/jp2/LASCO-C2/2012/03/07/white-light/2012_03_07__16_46_29_293__SOHO_LASCO_C3_white-light.jp2
2012-03-07 17:02:47+00:00,https://helioviewer.org/jp2/LASCO-C2/2012/03/07/white-light/2012_03_07__17_02_46_782__SOHO_LASCO_C3_white-light.jp2
2012-03-07 17:18:54+00:00,https://helioviewer.org/jp2/LASCO-C2/2012/03/07/white-light/2012_03_07__17_18_54_371__SOHO_LASCO_C3_white-light.jp2
2012-03-07 17:34:57+00:00,https://helioviewer.org/jp2/LASCO-C2/2012/03/07/white-light/2012_03_07__17_34_57_160__SOHO_LASCO_C3_white-light.jp2
2012-03-07 17:50:47+00:00,https://helioviewer.org/jp2/LASCO-C2/2012/03/07/white-light/2012_03_07__17_50_47_148__SOHO_LASCO_C3_white-light.jp2
2012-03-07 18:06:41+00:00,https://helioviewer.org/jp2/LASCO-C2/2012/03/07/white-light/2012_03_07__18_06_40_837__SOHO_LASCO_C3_white-light.jp2
2012-03-07 18:22:29+00:00,https://helioviewer.org/jp2/LASCO-C2/2012/03/07/white-light/2012_03_07__18_22_28_626__SOHO_LASCO_C3_white-light.jp2
2012-03-07 18:38:15+00:00,https://helioviewer.org/jp2/LASCO-C2/2012/03/07/white-light/2012_03_07__18_38_15_016__SOHO_LASCO_C3_white-light.jp2
2012-03-07 18:54:03+00:00,https://helioviewer.org/jp2/LASCO-C2/2012/03/07/white-light/2012_03_07__18_54_02_605__SOHO_LASCO_C3_white-light.jp2
2012-03-07 19:09:50+00:00,https://helioviewer.org/jp2/LASCO-C2/2012/03/07/white-light/2012_03_07__19_09_49_894__SOHO_LASCO_C3_white-light.jp2
2012-03-07 19:25:34+00:00,https://helioviewer.org/jp2/LASCO-C2/2012/03/07/white-light/2012_03_07__19_25_33_783__SOHO_LASCO_C3_white-light.jp2
2012-03-07 19:41:17+00:00,https://helioviewer.org/jp2/LASCO-C2/2012/03/07/white-light/2012_03_07__19_41_16_572__SOHO_LASCO_C3_white-light.jp2
2012-03-07 19:56:56+00:00,https://helioviewer.org/jp2/LASCO-C2/2012/03/07/white-light/2012_03_07__19_56_56_261__SOHO_LASCO_C3_white-light.jp2
2012-03-07 20:12:32+00:00,https://helioviewer.org/jp2/LASCO-C2/2012/03/07/white-light/2012_03_07__20_12_32_051__SOHO_LASCO_C3_white-light.jp2
2012-03-07 20:27:51+00:00,https://helioviewer.org/jp2/LASCO-C2/2012/03/07/white-light/2012_03_07__20_27_50_640__SOHO_LASCO_C3_white-light.jp2
2012-03-07 20:43:16+00:00,https://helioviewer.org/jp2/LASCO-C2/2012/03/07/white-light/2012_03_07__20_43_15_629__SOHO_LASCO_C3_white-light.jp2
2012-03-07 20:58:45+00:00,https://helioviewer.org/jp2/LASCO-C2/2012/03/07/white-light/2012_03_07__20_58_45_418__SOHO_LASCO_C3_white-light.jp2
2012-03-07 21:14:04+00:00,https://helioviewer.org/jp2/LASCO-C2/2012/03/07/white-light/2012_03_07__21_14_04_108__SOHO_LASCO_C3_white-light.jp2
2012-03-07 21:29:28+00:00,https://helioviewer.org/jp2/LASCO-C2/2012/03/07/white-light/2012_03_07__21_29_28_197__SOHO_LASCO_C3_white-light.jp2
2012-03-07 21:44:43+00:00,https://helioviewer.org/jp2/LASCO-C2/2012/03/07/white-light/2012_03_07__21_44_42_587__SOHO_LASCO_C3_white-light.jp2
2012-03-07 22:00:01+00:00,https://helioviewer.org/jp2/LASCO-C2/2012/03/07/white-light/2012_03_07__22_00_01_176__SOHO_LASCO_C3_white-light.jp2
2012-03-07 22:15:15+00:00,https://helioviewer.org/jp2/LASCO-C2/2012/03/07/white-light/2012_03_07__22_15_14_766__SOHO_LASCO_C3_white-light.jp2
2012-03-07 22:30:26+00:00,https://helioviewer.org/jp2/LASCO-C2/2012/03/07/white-light/2012_03_07__22_30_25_655__SOHO_LASCO_C3_white-light.jp2
2012-03-07 22:45:34+00:00,https://helioviewer.org/jp2/LASCO-C2/2012/03/07/white-light/2012_03_07__22_45_33_944__SOHO_LASCO_C3_white-light.jp2
2012-03-07 23:00:33+00:00,https://helioviewer.org/jp2/LASCO-C2/2012/03/07/white-light/2012_03_07__23_00_33_134__SOHO_LASCO_C3_white-light.jp2
2012-03-07 23:15:34+00:00,https://helioviewer.org/jp2/LASCO-C2/2012/03/07/white-light/2012_03_07__23_15_34_424__SOHO_LASCO_C3_white-light.jp2
2012-03-07 23:56:39+00:00,https://helioviewer.org/jp2/LASCO-C2/2012/03/07/white-light/2012_03_07__23_56_38_795__SOHO_LASCO_C3_white-light.jp2
